<?xml version="1.0" encoding="UTF-8"?>
<yml_catalog date="2024-08-11T06:38:54+00:00"><shop><name>plc-pro100</name><company>plc-pro100</company><url>https://plc-pro100.ru/</url><platform>BSM/Yandex/Market</platform><version>2.6.2</version><currencies><currency id="RUR" rate="1"/></currencies><categories><category id="1">Залупа</category><category id="2" parentId="1">Пупа</category><category id="4" parentId="1">пупалупа</category><category id="3">Жопа</category><category id="5">Ебаный пизде</category><category id="7">хуевертил</category><category id="8">залупа пупа</category><category id="10">пердеж</category><category id="11">пуки</category><category id="12">пердеж хохла да</category><category id="13">ебать мой хуй</category><category id="14">пуки дуки</category><category id="15">привеееет</category><category id="16">контроллеры/переферия</category></categories><offers><offer id="2" available="true"><url>https://plc-pro100.ru/product/jopa/</url><price>120000</price><currencyId>RUR</currencyId><categoryId>null</categoryId><picture>https://plc-pro100.ru/storage/images/products/resize/345x320/7n08O0.jpg</picture><name>Jopa</name><model>123123</model><vendor>plc-pro100</vendor><vendorCode>1</vendorCode><description>Залупа сказок</description></offer><offer id="4" available="true"><url>https://plc-pro100.ru/product/derbi/</url><price>12000</price><currencyId>RUR</currencyId><categoryId>2</categoryId><picture>https://plc-pro100.ru/storage/images/products/resize/345x320/1tp8jD.jpg</picture><name>Derbi</name><model>123123</model><vendor>plc-pro100</vendor><vendorCode>1</vendorCode><description>Залупа сказок</description></offer><offer id="5" available="true"><url>https://plc-pro100.ru/product/brakrd/</url><price>23000</price><currencyId>RUR</currencyId><categoryId>null</categoryId><picture>https://plc-pro100.ru/storage/images/products/resize/345x320/E1T5W1.jpg</picture><name>Brakrd</name><model>123123</model><vendor>plc-pro100</vendor><vendorCode>1</vendorCode><description>Залупа сказок</description></offer><offer id="6" available="true"><url>https://plc-pro100.ru/product/fileproduct/</url><price>23000</price><currencyId>RUR</currencyId><categoryId>null</categoryId><picture>https://plc-pro100.ru/storage/images/products/resize/345x320/h5IAVO.jpg</picture><name>Fileproduct</name><model>123123</model><vendor>plc-pro100</vendor><vendorCode>1</vendorCode><description>Залупа сказок</description></offer><offer id="7" available="true"><url>https://plc-pro100.ru/product/fileproduct/</url><price>23000</price><currencyId>RUR</currencyId><categoryId>null</categoryId><picture>https://plc-pro100.ru/storage/images/products/resize/345x320/SGybED.jpg</picture><name>Fileproduct</name><model>123123</model><vendor>plc-pro100</vendor><vendorCode>1</vendorCode><description>Залупа сказок</description></offer><offer id="8" available="true"><url>https://plc-pro100.ru/product/fileproduct123/</url><price>23000</price><currencyId>RUR</currencyId><categoryId>null</categoryId><picture>https://plc-pro100.ru/storage/images/products/resize/345x320/eyM98m.jpg</picture><name>Fileproduct123</name><model>123123</model><vendor>plc-pro100</vendor><vendorCode>1</vendorCode><description>Залупа сказок</description></offer></offers></shop></yml_catalog>
